date_iso,date_human,name,org,location,url,source
2025-08-25,"Aug 25, 2025","Sourcer, Business Recruiting",datadog,Virtual,https://careers.datadoghq.com/detail/6888865/?gh_jid=6888865,Greenhouse:datadog
2025-08-25,"Aug 25, 2025","Sourcer, Business Recruiting",datadog,Virtual,https://careers.datadoghq.com/detail/7142207/?gh_jid=7142207,Greenhouse:datadog
2025-08-26,"Aug 26, 2025","Recruiter II, Business Recruiting - London",datadog,Virtual,https://careers.datadoghq.com/detail/6900429/?gh_jid=6900429,Greenhouse:datadog
2025-08-26,"Aug 26, 2025","Senior Recruiter, Tech Recruiting",datadog,Virtual,https://careers.datadoghq.com/detail/7089557/?gh_jid=7089557,Greenhouse:datadog
2025-08-26,"Aug 26, 2025","Senior Recruiter, Tech Recruiting",datadog,Virtual,https://careers.datadoghq.com/detail/7105200/?gh_jid=7105200,Greenhouse:datadog
2025-09-09,"Sep 09, 2025",Core Recruiter (Fixed Term Contract),stripe,Virtual,https://stripe.com/jobs/search?gh_jid=7216261,Greenhouse:stripe
2025-09-09,"Sep 09, 2025",Go-To-Market Recruiter (Fixed Term Contract),stripe,Virtual,https://stripe.com/jobs/search?gh_jid=7231138,Greenhouse:stripe
2025-09-09,"Sep 09, 2025",Go-To-Market Recruiter (Fixed Term Contract),stripe,Virtual,https://stripe.com/jobs/search?gh_jid=7228783,Greenhouse:stripe
2025-09-09,"Sep 09, 2025",Go-To-Market Recruiter (Fixed Term Contract),stripe,Virtual,https://stripe.com/jobs/search?gh_jid=7216346,Greenhouse:stripe
2025-09-09,"Sep 09, 2025",Recruiting Product Marketing Manager,stripe,Virtual,https://stripe.com/jobs/search?gh_jid=7185485,Greenhouse:stripe
2025-09-10,"Sep 10, 2025",Recruiting Coordination Manager,stripe,Virtual,https://stripe.com/jobs/search?gh_jid=7229581,Greenhouse:stripe
2025-09-10,"Sep 10, 2025",Recruiting Scheduler,stripe,Virtual,https://stripe.com/jobs/search?gh_jid=7229583,Greenhouse:stripe
2025-09-11,"Sep 11, 2025","Recruiter II, Business Recruiting",datadog,Virtual,https://careers.datadoghq.com/detail/7235437/?gh_jid=7235437,Greenhouse:datadog
2025-09-15,"Sep 15, 2025","Senior Recruiter, Business Recruiting",datadog,Virtual,https://careers.datadoghq.com/detail/7235421/?gh_jid=7235421,Greenhouse:datadog
2025-09-16,"Sep 16, 2025",Business Recruiter (Fixed Term Contract),stripe,Virtual,https://stripe.com/jobs/search?gh_jid=7233201,Greenhouse:stripe
2025-09-16,"Sep 16, 2025",Go-To-Market Recruiter (Fixed Term Contract),stripe,Virtual,https://stripe.com/jobs/search?gh_jid=7249012,Greenhouse:stripe
2025-09-16,"Sep 16, 2025",Go-To-Market Recruiter (Fixed Term Contract),stripe,Virtual,https://stripe.com/jobs/search?gh_jid=7218467,Greenhouse:stripe
2025-09-18,"Sep 18, 2025",Recruiting Scheduler (Fixed Term Contract),stripe,Virtual,https://stripe.com/jobs/search?gh_jid=7228682,Greenhouse:stripe
2025-09-19,"Sep 19, 2025",Recruiter - Sales - Contract,datadog,Virtual,https://careers.datadoghq.com/detail/7082196/?gh_jid=7082196,Greenhouse:datadog
